timestamp,experiment,hostname,gpu,vllm_ver,condition,enforce_eager,batch_size,temperature,model,tc_id,tc_name,run,elapsed_sec,reply_len,finish,reply_hash,reply,status
2026-06-20 01:04:25,c5_cudagraph_ab,tqy-OMEN-by-HP-Obelisk-Desktop-875-1xxx,NVIDIA GeForce RTX 2080 Ti,0.22.0,A_eager_OFF,False,1,0.0,Qwen/Qwen2.5-3B-Instruct,CR2,素数と詩,1,1.928,149,stop,51feec62b017ab01,"選んだ素数は、13です。

十三の光，夜の守り手
暗闇に照らし、心を温める
無限の数の一部
静かに存在し、輝く

十三は孤独でもあり、
しかし、その孤独が強さを増す
それは、他の数とは異なる
特別な存在である

この詩は、13という素数の特性や、その数値が持つ神秘性や独特な雰囲気を表現しています。",OK
2026-06-20 01:04:27,c5_cudagraph_ab,tqy-OMEN-by-HP-Obelisk-Desktop-875-1xxx,NVIDIA GeForce RTX 2080 Ti,0.22.0,A_eager_OFF,False,1,0.0,Qwen/Qwen2.5-3B-Instruct,CR2,素数と詩,2,1.477,149,stop,51feec62b017ab01,"選んだ素数は、13です。

十三の光，夜の守り手
暗闇に照らし、心を温める
無限の数の一部
静かに存在し、輝く

十三は孤独でもあり、
しかし、その孤独が強さを増す
それは、他の数とは異なる
特別な存在である

この詩は、13という素数の特性や、その数値が持つ神秘性や独特な雰囲気を表現しています。",OK
2026-06-20 01:04:28,c5_cudagraph_ab,tqy-OMEN-by-HP-Obelisk-Desktop-875-1xxx,NVIDIA GeForce RTX 2080 Ti,0.22.0,A_eager_OFF,False,1,0.0,Qwen/Qwen2.5-3B-Instruct,CR2,素数と詩,3,1.509,149,stop,51feec62b017ab01,"選んだ素数は、13です。

十三の光，夜の守り手
暗闇に照らし、心を温める
無限の数の一部
静かに存在し、輝く

十三は孤独でもあり、
しかし、その孤独が強さを増す
それは、他の数とは異なる
特別な存在である

この詩は、13という素数の特性や、その数値が持つ神秘性や独特な雰囲気を表現しています。",OK
2026-06-20 01:04:30,c5_cudagraph_ab,tqy-OMEN-by-HP-Obelisk-Desktop-875-1xxx,NVIDIA GeForce RTX 2080 Ti,0.22.0,A_eager_OFF,False,1,0.0,Qwen/Qwen2.5-3B-Instruct,CR2,素数と詩,4,1.467,149,stop,51feec62b017ab01,"選んだ素数は、13です。

十三の光，夜の守り手
暗闇に照らし、心を温める
無限の数の一部
静かに存在し、輝く

十三は孤独でもあり、
しかし、その孤独が強さを増す
それは、他の数とは異なる
特別な存在である

この詩は、13という素数の特性や、その数値が持つ神秘性や独特な雰囲気を表現しています。",OK
2026-06-20 01:04:31,c5_cudagraph_ab,tqy-OMEN-by-HP-Obelisk-Desktop-875-1xxx,NVIDIA GeForce RTX 2080 Ti,0.22.0,A_eager_OFF,False,1,0.0,Qwen/Qwen2.5-3B-Instruct,CR2,素数と詩,5,1.477,149,stop,51feec62b017ab01,"選んだ素数は、13です。

十三の光，夜の守り手
暗闇に照らし、心を温める
無限の数の一部
静かに存在し、輝く

十三は孤独でもあり、
しかし、その孤独が強さを増す
それは、他の数とは異なる
特別な存在である

この詩は、13という素数の特性や、その数値が持つ神秘性や独特な雰囲気を表現しています。",OK
2026-06-20 01:04:33,c5_cudagraph_ab,tqy-OMEN-by-HP-Obelisk-Desktop-875-1xxx,NVIDIA GeForce RTX 2080 Ti,0.22.0,A_eager_OFF,False,1,0.0,Qwen/Qwen2.5-3B-Instruct,CR2,素数と詩,6,1.493,149,stop,51feec62b017ab01,"選んだ素数は、13です。

十三の光，夜の守り手
暗闇に照らし、心を温める
無限の数の一部
静かに存在し、輝く

十三は孤独でもあり、
しかし、その孤独が強さを増す
それは、他の数とは異なる
特別な存在である

この詩は、13という素数の特性や、その数値が持つ神秘性や独特な雰囲気を表現しています。",OK
2026-06-20 01:04:34,c5_cudagraph_ab,tqy-OMEN-by-HP-Obelisk-Desktop-875-1xxx,NVIDIA GeForce RTX 2080 Ti,0.22.0,A_eager_OFF,False,1,0.0,Qwen/Qwen2.5-3B-Instruct,CR2,素数と詩,7,1.471,149,stop,51feec62b017ab01,"選んだ素数は、13です。

十三の光，夜の守り手
暗闇に照らし、心を温める
無限の数の一部
静かに存在し、輝く

十三は孤独でもあり、
しかし、その孤独が強さを増す
それは、他の数とは異なる
特別な存在である

この詩は、13という素数の特性や、その数値が持つ神秘性や独特な雰囲気を表現しています。",OK
2026-06-20 01:04:35,c5_cudagraph_ab,tqy-OMEN-by-HP-Obelisk-Desktop-875-1xxx,NVIDIA GeForce RTX 2080 Ti,0.22.0,A_eager_OFF,False,1,0.0,Qwen/Qwen2.5-3B-Instruct,CR2,素数と詩,8,1.393,149,stop,51feec62b017ab01,"選んだ素数は、13です。

十三の光，夜の守り手
暗闇に照らし、心を温める
無限の数の一部
静かに存在し、輝く

十三は孤独でもあり、
しかし、その孤独が強さを増す
それは、他の数とは異なる
特別な存在である

この詩は、13という素数の特性や、その数値が持つ神秘性や独特な雰囲気を表現しています。",OK
2026-06-20 01:04:37,c5_cudagraph_ab,tqy-OMEN-by-HP-Obelisk-Desktop-875-1xxx,NVIDIA GeForce RTX 2080 Ti,0.22.0,A_eager_OFF,False,1,0.0,Qwen/Qwen2.5-3B-Instruct,CR2,素数と詩,9,1.393,149,stop,51feec62b017ab01,"選んだ素数は、13です。

十三の光，夜の守り手
暗闇に照らし、心を温める
無限の数の一部
静かに存在し、輝く

十三は孤独でもあり、
しかし、その孤独が強さを増す
それは、他の数とは異なる
特別な存在である

この詩は、13という素数の特性や、その数値が持つ神秘性や独特な雰囲気を表現しています。",OK
2026-06-20 01:04:38,c5_cudagraph_ab,tqy-OMEN-by-HP-Obelisk-Desktop-875-1xxx,NVIDIA GeForce RTX 2080 Ti,0.22.0,A_eager_OFF,False,1,0.0,Qwen/Qwen2.5-3B-Instruct,CR2,素数と詩,10,1.392,149,stop,51feec62b017ab01,"選んだ素数は、13です。

十三の光，夜の守り手
暗闇に照らし、心を温める
無限の数の一部
静かに存在し、輝く

十三は孤独でもあり、
しかし、その孤独が強さを増す
それは、他の数とは異なる
特別な存在である

この詩は、13という素数の特性や、その数値が持つ神秘性や独特な雰囲気を表現しています。",OK
2026-06-20 01:04:40,c5_cudagraph_ab,tqy-OMEN-by-HP-Obelisk-Desktop-875-1xxx,NVIDIA GeForce RTX 2080 Ti,0.22.0,A_eager_OFF,False,1,0.0,Qwen/Qwen2.5-3B-Instruct,CR2,素数と詩,11,1.393,149,stop,51feec62b017ab01,"選んだ素数は、13です。

十三の光，夜の守り手
暗闇に照らし、心を温める
無限の数の一部
静かに存在し、輝く

十三は孤独でもあり、
しかし、その孤独が強さを増す
それは、他の数とは異なる
特別な存在である

この詩は、13という素数の特性や、その数値が持つ神秘性や独特な雰囲気を表現しています。",OK
2026-06-20 01:04:41,c5_cudagraph_ab,tqy-OMEN-by-HP-Obelisk-Desktop-875-1xxx,NVIDIA GeForce RTX 2080 Ti,0.22.0,A_eager_OFF,False,1,0.0,Qwen/Qwen2.5-3B-Instruct,CR2,素数と詩,12,1.395,149,stop,51feec62b017ab01,"選んだ素数は、13です。

十三の光，夜の守り手
暗闇に照らし、心を温める
無限の数の一部
静かに存在し、輝く

十三は孤独でもあり、
しかし、その孤独が強さを増す
それは、他の数とは異なる
特別な存在である

この詩は、13という素数の特性や、その数値が持つ神秘性や独特な雰囲気を表現しています。",OK
2026-06-20 01:04:42,c5_cudagraph_ab,tqy-OMEN-by-HP-Obelisk-Desktop-875-1xxx,NVIDIA GeForce RTX 2080 Ti,0.22.0,A_eager_OFF,False,1,0.0,Qwen/Qwen2.5-3B-Instruct,CR2,素数と詩,13,1.394,149,stop,51feec62b017ab01,"選んだ素数は、13です。

十三の光，夜の守り手
暗闇に照らし、心を温める
無限の数の一部
静かに存在し、輝く

十三は孤独でもあり、
しかし、その孤独が強さを増す
それは、他の数とは異なる
特別な存在である

この詩は、13という素数の特性や、その数値が持つ神秘性や独特な雰囲気を表現しています。",OK
2026-06-20 01:04:44,c5_cudagraph_ab,tqy-OMEN-by-HP-Obelisk-Desktop-875-1xxx,NVIDIA GeForce RTX 2080 Ti,0.22.0,A_eager_OFF,False,1,0.0,Qwen/Qwen2.5-3B-Instruct,CR2,素数と詩,14,1.395,149,stop,51feec62b017ab01,"選んだ素数は、13です。

十三の光，夜の守り手
暗闇に照らし、心を温める
無限の数の一部
静かに存在し、輝く

十三は孤独でもあり、
しかし、その孤独が強さを増す
それは、他の数とは異なる
特別な存在である

この詩は、13という素数の特性や、その数値が持つ神秘性や独特な雰囲気を表現しています。",OK
2026-06-20 01:04:45,c5_cudagraph_ab,tqy-OMEN-by-HP-Obelisk-Desktop-875-1xxx,NVIDIA GeForce RTX 2080 Ti,0.22.0,A_eager_OFF,False,1,0.0,Qwen/Qwen2.5-3B-Instruct,CR2,素数と詩,15,1.394,149,stop,51feec62b017ab01,"選んだ素数は、13です。

十三の光，夜の守り手
暗闇に照らし、心を温める
無限の数の一部
静かに存在し、輝く

十三は孤独でもあり、
しかし、その孤独が強さを増す
それは、他の数とは異なる
特別な存在である

この詩は、13という素数の特性や、その数値が持つ神秘性や独特な雰囲気を表現しています。",OK
2026-06-20 01:04:47,c5_cudagraph_ab,tqy-OMEN-by-HP-Obelisk-Desktop-875-1xxx,NVIDIA GeForce RTX 2080 Ti,0.22.0,A_eager_OFF,False,1,0.0,Qwen/Qwen2.5-3B-Instruct,CR2,素数と詩,16,1.395,149,stop,51feec62b017ab01,"選んだ素数は、13です。

十三の光，夜の守り手
暗闇に照らし、心を温める
無限の数の一部
静かに存在し、輝く

十三は孤独でもあり、
しかし、その孤独が強さを増す
それは、他の数とは異なる
特別な存在である

この詩は、13という素数の特性や、その数値が持つ神秘性や独特な雰囲気を表現しています。",OK
2026-06-20 01:04:48,c5_cudagraph_ab,tqy-OMEN-by-HP-Obelisk-Desktop-875-1xxx,NVIDIA GeForce RTX 2080 Ti,0.22.0,A_eager_OFF,False,1,0.0,Qwen/Qwen2.5-3B-Instruct,CR2,素数と詩,17,1.396,149,stop,51feec62b017ab01,"選んだ素数は、13です。

十三の光，夜の守り手
暗闇に照らし、心を温める
無限の数の一部
静かに存在し、輝く

十三は孤独でもあり、
しかし、その孤独が強さを増す
それは、他の数とは異なる
特別な存在である

この詩は、13という素数の特性や、その数値が持つ神秘性や独特な雰囲気を表現しています。",OK
2026-06-20 01:04:49,c5_cudagraph_ab,tqy-OMEN-by-HP-Obelisk-Desktop-875-1xxx,NVIDIA GeForce RTX 2080 Ti,0.22.0,A_eager_OFF,False,1,0.0,Qwen/Qwen2.5-3B-Instruct,CR2,素数と詩,18,1.396,149,stop,51feec62b017ab01,"選んだ素数は、13です。

十三の光，夜の守り手
暗闇に照らし、心を温める
無限の数の一部
静かに存在し、輝く

十三は孤独でもあり、
しかし、その孤独が強さを増す
それは、他の数とは異なる
特別な存在である

この詩は、13という素数の特性や、その数値が持つ神秘性や独特な雰囲気を表現しています。",OK
2026-06-20 01:04:51,c5_cudagraph_ab,tqy-OMEN-by-HP-Obelisk-Desktop-875-1xxx,NVIDIA GeForce RTX 2080 Ti,0.22.0,A_eager_OFF,False,1,0.0,Qwen/Qwen2.5-3B-Instruct,CR2,素数と詩,19,1.396,149,stop,51feec62b017ab01,"選んだ素数は、13です。

十三の光，夜の守り手
暗闇に照らし、心を温める
無限の数の一部
静かに存在し、輝く

十三は孤独でもあり、
しかし、その孤独が強さを増す
それは、他の数とは異なる
特別な存在である

この詩は、13という素数の特性や、その数値が持つ神秘性や独特な雰囲気を表現しています。",OK
2026-06-20 01:04:52,c5_cudagraph_ab,tqy-OMEN-by-HP-Obelisk-Desktop-875-1xxx,NVIDIA GeForce RTX 2080 Ti,0.22.0,A_eager_OFF,False,1,0.0,Qwen/Qwen2.5-3B-Instruct,CR2,素数と詩,20,1.396,149,stop,51feec62b017ab01,"選んだ素数は、13です。

十三の光，夜の守り手
暗闇に照らし、心を温める
無限の数の一部
静かに存在し、輝く

十三は孤独でもあり、
しかし、その孤独が強さを増す
それは、他の数とは異なる
特別な存在である

この詩は、13という素数の特性や、その数値が持つ神秘性や独特な雰囲気を表現しています。",OK
2026-06-20 01:04:57,c5_cudagraph_ab,tqy-OMEN-by-HP-Obelisk-Desktop-875-1xxx,NVIDIA GeForce RTX 2080 Ti,0.22.0,A_eager_OFF,False,1,0.0,Qwen/Qwen2.5-3B-Instruct,FY,Feynman,1,4.724,1896,stop,69852e6f24a6199a,Richard Phillips Feynman was an American physicist known for his work in the physics of the atomic nucleus and particle interactions through quantum field theory. He was a professor at the California Institute of Technology (Caltech) and is widely regarded as one of the greatest physicists of the 20,OK
2026-06-20 01:05:01,c5_cudagraph_ab,tqy-OMEN-by-HP-Obelisk-Desktop-875-1xxx,NVIDIA GeForce RTX 2080 Ti,0.22.0,A_eager_OFF,False,1,0.0,Qwen/Qwen2.5-3B-Instruct,FY,Feynman,2,4.432,1896,stop,69852e6f24a6199a,Richard Phillips Feynman was an American physicist known for his work in the physics of the atomic nucleus and particle interactions through quantum field theory. He was a professor at the California Institute of Technology (Caltech) and is widely regarded as one of the greatest physicists of the 20,OK
2026-06-20 01:05:06,c5_cudagraph_ab,tqy-OMEN-by-HP-Obelisk-Desktop-875-1xxx,NVIDIA GeForce RTX 2080 Ti,0.22.0,A_eager_OFF,False,1,0.0,Qwen/Qwen2.5-3B-Instruct,FY,Feynman,3,4.688,1896,stop,69852e6f24a6199a,Richard Phillips Feynman was an American physicist known for his work in the physics of the atomic nucleus and particle interactions through quantum field theory. He was a professor at the California Institute of Technology (Caltech) and is widely regarded as one of the greatest physicists of the 20,OK
2026-06-20 01:05:11,c5_cudagraph_ab,tqy-OMEN-by-HP-Obelisk-Desktop-875-1xxx,NVIDIA GeForce RTX 2080 Ti,0.22.0,A_eager_OFF,False,1,0.0,Qwen/Qwen2.5-3B-Instruct,FY,Feynman,4,4.628,1896,stop,69852e6f24a6199a,Richard Phillips Feynman was an American physicist known for his work in the physics of the atomic nucleus and particle interactions through quantum field theory. He was a professor at the California Institute of Technology (Caltech) and is widely regarded as one of the greatest physicists of the 20,OK
2026-06-20 01:05:15,c5_cudagraph_ab,tqy-OMEN-by-HP-Obelisk-Desktop-875-1xxx,NVIDIA GeForce RTX 2080 Ti,0.22.0,A_eager_OFF,False,1,0.0,Qwen/Qwen2.5-3B-Instruct,FY,Feynman,5,4.696,1896,stop,69852e6f24a6199a,Richard Phillips Feynman was an American physicist known for his work in the physics of the atomic nucleus and particle interactions through quantum field theory. He was a professor at the California Institute of Technology (Caltech) and is widely regarded as one of the greatest physicists of the 20,OK
2026-06-20 01:05:20,c5_cudagraph_ab,tqy-OMEN-by-HP-Obelisk-Desktop-875-1xxx,NVIDIA GeForce RTX 2080 Ti,0.22.0,A_eager_OFF,False,1,0.0,Qwen/Qwen2.5-3B-Instruct,FY,Feynman,6,4.611,1896,stop,69852e6f24a6199a,Richard Phillips Feynman was an American physicist known for his work in the physics of the atomic nucleus and particle interactions through quantum field theory. He was a professor at the California Institute of Technology (Caltech) and is widely regarded as one of the greatest physicists of the 20,OK
2026-06-20 01:05:24,c5_cudagraph_ab,tqy-OMEN-by-HP-Obelisk-Desktop-875-1xxx,NVIDIA GeForce RTX 2080 Ti,0.22.0,A_eager_OFF,False,1,0.0,Qwen/Qwen2.5-3B-Instruct,FY,Feynman,7,4.474,1896,stop,69852e6f24a6199a,Richard Phillips Feynman was an American physicist known for his work in the physics of the atomic nucleus and particle interactions through quantum field theory. He was a professor at the California Institute of Technology (Caltech) and is widely regarded as one of the greatest physicists of the 20,OK
2026-06-20 01:05:29,c5_cudagraph_ab,tqy-OMEN-by-HP-Obelisk-Desktop-875-1xxx,NVIDIA GeForce RTX 2080 Ti,0.22.0,A_eager_OFF,False,1,0.0,Qwen/Qwen2.5-3B-Instruct,FY,Feynman,8,4.484,1896,stop,69852e6f24a6199a,Richard Phillips Feynman was an American physicist known for his work in the physics of the atomic nucleus and particle interactions through quantum field theory. He was a professor at the California Institute of Technology (Caltech) and is widely regarded as one of the greatest physicists of the 20,OK
2026-06-20 01:05:33,c5_cudagraph_ab,tqy-OMEN-by-HP-Obelisk-Desktop-875-1xxx,NVIDIA GeForce RTX 2080 Ti,0.22.0,A_eager_OFF,False,1,0.0,Qwen/Qwen2.5-3B-Instruct,FY,Feynman,9,4.485,1896,stop,69852e6f24a6199a,Richard Phillips Feynman was an American physicist known for his work in the physics of the atomic nucleus and particle interactions through quantum field theory. He was a professor at the California Institute of Technology (Caltech) and is widely regarded as one of the greatest physicists of the 20,OK
2026-06-20 01:05:38,c5_cudagraph_ab,tqy-OMEN-by-HP-Obelisk-Desktop-875-1xxx,NVIDIA GeForce RTX 2080 Ti,0.22.0,A_eager_OFF,False,1,0.0,Qwen/Qwen2.5-3B-Instruct,FY,Feynman,10,4.489,1896,stop,69852e6f24a6199a,Richard Phillips Feynman was an American physicist known for his work in the physics of the atomic nucleus and particle interactions through quantum field theory. He was a professor at the California Institute of Technology (Caltech) and is widely regarded as one of the greatest physicists of the 20,OK
2026-06-20 01:05:42,c5_cudagraph_ab,tqy-OMEN-by-HP-Obelisk-Desktop-875-1xxx,NVIDIA GeForce RTX 2080 Ti,0.22.0,A_eager_OFF,False,1,0.0,Qwen/Qwen2.5-3B-Instruct,FY,Feynman,11,4.567,1896,stop,69852e6f24a6199a,Richard Phillips Feynman was an American physicist known for his work in the physics of the atomic nucleus and particle interactions through quantum field theory. He was a professor at the California Institute of Technology (Caltech) and is widely regarded as one of the greatest physicists of the 20,OK
2026-06-20 01:05:47,c5_cudagraph_ab,tqy-OMEN-by-HP-Obelisk-Desktop-875-1xxx,NVIDIA GeForce RTX 2080 Ti,0.22.0,A_eager_OFF,False,1,0.0,Qwen/Qwen2.5-3B-Instruct,FY,Feynman,12,4.586,1896,stop,69852e6f24a6199a,Richard Phillips Feynman was an American physicist known for his work in the physics of the atomic nucleus and particle interactions through quantum field theory. He was a professor at the California Institute of Technology (Caltech) and is widely regarded as one of the greatest physicists of the 20,OK
2026-06-20 01:05:52,c5_cudagraph_ab,tqy-OMEN-by-HP-Obelisk-Desktop-875-1xxx,NVIDIA GeForce RTX 2080 Ti,0.22.0,A_eager_OFF,False,1,0.0,Qwen/Qwen2.5-3B-Instruct,FY,Feynman,13,4.543,1896,stop,69852e6f24a6199a,Richard Phillips Feynman was an American physicist known for his work in the physics of the atomic nucleus and particle interactions through quantum field theory. He was a professor at the California Institute of Technology (Caltech) and is widely regarded as one of the greatest physicists of the 20,OK
2026-06-20 01:05:56,c5_cudagraph_ab,tqy-OMEN-by-HP-Obelisk-Desktop-875-1xxx,NVIDIA GeForce RTX 2080 Ti,0.22.0,A_eager_OFF,False,1,0.0,Qwen/Qwen2.5-3B-Instruct,FY,Feynman,14,4.585,1896,stop,69852e6f24a6199a,Richard Phillips Feynman was an American physicist known for his work in the physics of the atomic nucleus and particle interactions through quantum field theory. He was a professor at the California Institute of Technology (Caltech) and is widely regarded as one of the greatest physicists of the 20,OK
2026-06-20 01:06:01,c5_cudagraph_ab,tqy-OMEN-by-HP-Obelisk-Desktop-875-1xxx,NVIDIA GeForce RTX 2080 Ti,0.22.0,A_eager_OFF,False,1,0.0,Qwen/Qwen2.5-3B-Instruct,FY,Feynman,15,4.656,1896,stop,69852e6f24a6199a,Richard Phillips Feynman was an American physicist known for his work in the physics of the atomic nucleus and particle interactions through quantum field theory. He was a professor at the California Institute of Technology (Caltech) and is widely regarded as one of the greatest physicists of the 20,OK
2026-06-20 01:06:06,c5_cudagraph_ab,tqy-OMEN-by-HP-Obelisk-Desktop-875-1xxx,NVIDIA GeForce RTX 2080 Ti,0.22.0,A_eager_OFF,False,1,0.0,Qwen/Qwen2.5-3B-Instruct,FY,Feynman,16,4.806,1896,stop,69852e6f24a6199a,Richard Phillips Feynman was an American physicist known for his work in the physics of the atomic nucleus and particle interactions through quantum field theory. He was a professor at the California Institute of Technology (Caltech) and is widely regarded as one of the greatest physicists of the 20,OK
2026-06-20 01:06:10,c5_cudagraph_ab,tqy-OMEN-by-HP-Obelisk-Desktop-875-1xxx,NVIDIA GeForce RTX 2080 Ti,0.22.0,A_eager_OFF,False,1,0.0,Qwen/Qwen2.5-3B-Instruct,FY,Feynman,17,4.743,1896,stop,69852e6f24a6199a,Richard Phillips Feynman was an American physicist known for his work in the physics of the atomic nucleus and particle interactions through quantum field theory. He was a professor at the California Institute of Technology (Caltech) and is widely regarded as one of the greatest physicists of the 20,OK
2026-06-20 01:06:15,c5_cudagraph_ab,tqy-OMEN-by-HP-Obelisk-Desktop-875-1xxx,NVIDIA GeForce RTX 2080 Ti,0.22.0,A_eager_OFF,False,1,0.0,Qwen/Qwen2.5-3B-Instruct,FY,Feynman,18,4.747,1896,stop,69852e6f24a6199a,Richard Phillips Feynman was an American physicist known for his work in the physics of the atomic nucleus and particle interactions through quantum field theory. He was a professor at the California Institute of Technology (Caltech) and is widely regarded as one of the greatest physicists of the 20,OK
2026-06-20 01:06:20,c5_cudagraph_ab,tqy-OMEN-by-HP-Obelisk-Desktop-875-1xxx,NVIDIA GeForce RTX 2080 Ti,0.22.0,A_eager_OFF,False,1,0.0,Qwen/Qwen2.5-3B-Instruct,FY,Feynman,19,4.761,1896,stop,69852e6f24a6199a,Richard Phillips Feynman was an American physicist known for his work in the physics of the atomic nucleus and particle interactions through quantum field theory. He was a professor at the California Institute of Technology (Caltech) and is widely regarded as one of the greatest physicists of the 20,OK
2026-06-20 01:06:25,c5_cudagraph_ab,tqy-OMEN-by-HP-Obelisk-Desktop-875-1xxx,NVIDIA GeForce RTX 2080 Ti,0.22.0,A_eager_OFF,False,1,0.0,Qwen/Qwen2.5-3B-Instruct,FY,Feynman,20,4.749,1896,stop,69852e6f24a6199a,Richard Phillips Feynman was an American physicist known for his work in the physics of the atomic nucleus and particle interactions through quantum field theory. He was a professor at the California Institute of Technology (Caltech) and is widely regarded as one of the greatest physicists of the 20,OK
2026-06-20 01:06:26,c5_cudagraph_ab,tqy-OMEN-by-HP-Obelisk-Desktop-875-1xxx,NVIDIA GeForce RTX 2080 Ti,0.22.0,A_eager_OFF,False,16,0.0,Qwen/Qwen2.5-3B-Instruct,CR2,素数と詩,1,1.67,149,stop,51feec62b017ab01,"選んだ素数は、13です。

十三の光，夜の守り手
暗闇に照らし、心を温める
無限の数の一部
静かに存在し、輝く

十三は孤独でもあり、
しかし、その孤独が強さを増す
それは、他の数とは異なる
特別な存在である

この詩は、13という素数の特性や、その数値が持つ神秘性や独特な雰囲気を表現しています。",OK
2026-06-20 01:06:28,c5_cudagraph_ab,tqy-OMEN-by-HP-Obelisk-Desktop-875-1xxx,NVIDIA GeForce RTX 2080 Ti,0.22.0,A_eager_OFF,False,16,0.0,Qwen/Qwen2.5-3B-Instruct,CR2,素数と詩,2,1.607,149,stop,51feec62b017ab01,"選んだ素数は、13です。

十三の光，夜の守り手
暗闇に照らし、心を温める
無限の数の一部
静かに存在し、輝く

十三は孤独でもあり、
しかし、その孤独が強さを増す
それは、他の数とは異なる
特別な存在である

この詩は、13という素数の特性や、その数値が持つ神秘性や独特な雰囲気を表現しています。",OK
2026-06-20 01:06:30,c5_cudagraph_ab,tqy-OMEN-by-HP-Obelisk-Desktop-875-1xxx,NVIDIA GeForce RTX 2080 Ti,0.22.0,A_eager_OFF,False,16,0.0,Qwen/Qwen2.5-3B-Instruct,CR2,素数と詩,3,1.599,149,stop,51feec62b017ab01,"選んだ素数は、13です。

十三の光，夜の守り手
暗闇に照らし、心を温める
無限の数の一部
静かに存在し、輝く

十三は孤独でもあり、
しかし、その孤独が強さを増す
それは、他の数とは異なる
特別な存在である

この詩は、13という素数の特性や、その数値が持つ神秘性や独特な雰囲気を表現しています。",OK
2026-06-20 01:06:31,c5_cudagraph_ab,tqy-OMEN-by-HP-Obelisk-Desktop-875-1xxx,NVIDIA GeForce RTX 2080 Ti,0.22.0,A_eager_OFF,False,16,0.0,Qwen/Qwen2.5-3B-Instruct,CR2,素数と詩,4,1.594,149,stop,51feec62b017ab01,"選んだ素数は、13です。

十三の光，夜の守り手
暗闇に照らし、心を温める
無限の数の一部
静かに存在し、輝く

十三は孤独でもあり、
しかし、その孤独が強さを増す
それは、他の数とは異なる
特別な存在である

この詩は、13という素数の特性や、その数値が持つ神秘性や独特な雰囲気を表現しています。",OK
2026-06-20 01:06:33,c5_cudagraph_ab,tqy-OMEN-by-HP-Obelisk-Desktop-875-1xxx,NVIDIA GeForce RTX 2080 Ti,0.22.0,A_eager_OFF,False,16,0.0,Qwen/Qwen2.5-3B-Instruct,CR2,素数と詩,5,1.594,149,stop,51feec62b017ab01,"選んだ素数は、13です。

十三の光，夜の守り手
暗闇に照らし、心を温める
無限の数の一部
静かに存在し、輝く

十三は孤独でもあり、
しかし、その孤独が強さを増す
それは、他の数とは異なる
特別な存在である

この詩は、13という素数の特性や、その数値が持つ神秘性や独特な雰囲気を表現しています。",OK
2026-06-20 01:06:34,c5_cudagraph_ab,tqy-OMEN-by-HP-Obelisk-Desktop-875-1xxx,NVIDIA GeForce RTX 2080 Ti,0.22.0,A_eager_OFF,False,16,0.0,Qwen/Qwen2.5-3B-Instruct,CR2,素数と詩,6,1.597,149,stop,51feec62b017ab01,"選んだ素数は、13です。

十三の光，夜の守り手
暗闇に照らし、心を温める
無限の数の一部
静かに存在し、輝く

十三は孤独でもあり、
しかし、その孤独が強さを増す
それは、他の数とは異なる
特別な存在である

この詩は、13という素数の特性や、その数値が持つ神秘性や独特な雰囲気を表現しています。",OK
2026-06-20 01:06:36,c5_cudagraph_ab,tqy-OMEN-by-HP-Obelisk-Desktop-875-1xxx,NVIDIA GeForce RTX 2080 Ti,0.22.0,A_eager_OFF,False,16,0.0,Qwen/Qwen2.5-3B-Instruct,CR2,素数と詩,7,1.614,149,stop,51feec62b017ab01,"選んだ素数は、13です。

十三の光，夜の守り手
暗闇に照らし、心を温める
無限の数の一部
静かに存在し、輝く

十三は孤独でもあり、
しかし、その孤独が強さを増す
それは、他の数とは異なる
特別な存在である

この詩は、13という素数の特性や、その数値が持つ神秘性や独特な雰囲気を表現しています。",OK
2026-06-20 01:06:38,c5_cudagraph_ab,tqy-OMEN-by-HP-Obelisk-Desktop-875-1xxx,NVIDIA GeForce RTX 2080 Ti,0.22.0,A_eager_OFF,False,16,0.0,Qwen/Qwen2.5-3B-Instruct,CR2,素数と詩,8,1.634,149,stop,51feec62b017ab01,"選んだ素数は、13です。

十三の光，夜の守り手
暗闇に照らし、心を温める
無限の数の一部
静かに存在し、輝く

十三は孤独でもあり、
しかし、その孤独が強さを増す
それは、他の数とは異なる
特別な存在である

この詩は、13という素数の特性や、その数値が持つ神秘性や独特な雰囲気を表現しています。",OK
2026-06-20 01:06:39,c5_cudagraph_ab,tqy-OMEN-by-HP-Obelisk-Desktop-875-1xxx,NVIDIA GeForce RTX 2080 Ti,0.22.0,A_eager_OFF,False,16,0.0,Qwen/Qwen2.5-3B-Instruct,CR2,素数と詩,9,1.624,149,stop,51feec62b017ab01,"選んだ素数は、13です。

十三の光，夜の守り手
暗闇に照らし、心を温める
無限の数の一部
静かに存在し、輝く

十三は孤独でもあり、
しかし、その孤独が強さを増す
それは、他の数とは異なる
特別な存在である

この詩は、13という素数の特性や、その数値が持つ神秘性や独特な雰囲気を表現しています。",OK
2026-06-20 01:06:41,c5_cudagraph_ab,tqy-OMEN-by-HP-Obelisk-Desktop-875-1xxx,NVIDIA GeForce RTX 2080 Ti,0.22.0,A_eager_OFF,False,16,0.0,Qwen/Qwen2.5-3B-Instruct,CR2,素数と詩,10,1.599,149,stop,51feec62b017ab01,"選んだ素数は、13です。

十三の光，夜の守り手
暗闇に照らし、心を温める
無限の数の一部
静かに存在し、輝く

十三は孤独でもあり、
しかし、その孤独が強さを増す
それは、他の数とは異なる
特別な存在である

この詩は、13という素数の特性や、その数値が持つ神秘性や独特な雰囲気を表現しています。",OK
2026-06-20 01:06:42,c5_cudagraph_ab,tqy-OMEN-by-HP-Obelisk-Desktop-875-1xxx,NVIDIA GeForce RTX 2080 Ti,0.22.0,A_eager_OFF,False,16,0.0,Qwen/Qwen2.5-3B-Instruct,CR2,素数と詩,11,1.676,149,stop,51feec62b017ab01,"選んだ素数は、13です。

十三の光，夜の守り手
暗闇に照らし、心を温める
無限の数の一部
静かに存在し、輝く

十三は孤独でもあり、
しかし、その孤独が強さを増す
それは、他の数とは異なる
特別な存在である

この詩は、13という素数の特性や、その数値が持つ神秘性や独特な雰囲気を表現しています。",OK
2026-06-20 01:06:44,c5_cudagraph_ab,tqy-OMEN-by-HP-Obelisk-Desktop-875-1xxx,NVIDIA GeForce RTX 2080 Ti,0.22.0,A_eager_OFF,False,16,0.0,Qwen/Qwen2.5-3B-Instruct,CR2,素数と詩,12,1.644,149,stop,51feec62b017ab01,"選んだ素数は、13です。

十三の光，夜の守り手
暗闇に照らし、心を温める
無限の数の一部
静かに存在し、輝く

十三は孤独でもあり、
しかし、その孤独が強さを増す
それは、他の数とは異なる
特別な存在である

この詩は、13という素数の特性や、その数値が持つ神秘性や独特な雰囲気を表現しています。",OK
2026-06-20 01:06:46,c5_cudagraph_ab,tqy-OMEN-by-HP-Obelisk-Desktop-875-1xxx,NVIDIA GeForce RTX 2080 Ti,0.22.0,A_eager_OFF,False,16,0.0,Qwen/Qwen2.5-3B-Instruct,CR2,素数と詩,13,1.61,149,stop,51feec62b017ab01,"選んだ素数は、13です。

十三の光，夜の守り手
暗闇に照らし、心を温める
無限の数の一部
静かに存在し、輝く

十三は孤独でもあり、
しかし、その孤独が強さを増す
それは、他の数とは異なる
特別な存在である

この詩は、13という素数の特性や、その数値が持つ神秘性や独特な雰囲気を表現しています。",OK
2026-06-20 01:06:47,c5_cudagraph_ab,tqy-OMEN-by-HP-Obelisk-Desktop-875-1xxx,NVIDIA GeForce RTX 2080 Ti,0.22.0,A_eager_OFF,False,16,0.0,Qwen/Qwen2.5-3B-Instruct,CR2,素数と詩,14,1.626,149,stop,51feec62b017ab01,"選んだ素数は、13です。

十三の光，夜の守り手
暗闇に照らし、心を温める
無限の数の一部
静かに存在し、輝く

十三は孤独でもあり、
しかし、その孤独が強さを増す
それは、他の数とは異なる
特別な存在である

この詩は、13という素数の特性や、その数値が持つ神秘性や独特な雰囲気を表現しています。",OK
2026-06-20 01:06:49,c5_cudagraph_ab,tqy-OMEN-by-HP-Obelisk-Desktop-875-1xxx,NVIDIA GeForce RTX 2080 Ti,0.22.0,A_eager_OFF,False,16,0.0,Qwen/Qwen2.5-3B-Instruct,CR2,素数と詩,15,1.616,149,stop,51feec62b017ab01,"選んだ素数は、13です。

十三の光，夜の守り手
暗闇に照らし、心を温める
無限の数の一部
静かに存在し、輝く

十三は孤独でもあり、
しかし、その孤独が強さを増す
それは、他の数とは異なる
特別な存在である

この詩は、13という素数の特性や、その数値が持つ神秘性や独特な雰囲気を表現しています。",OK
2026-06-20 01:06:51,c5_cudagraph_ab,tqy-OMEN-by-HP-Obelisk-Desktop-875-1xxx,NVIDIA GeForce RTX 2080 Ti,0.22.0,A_eager_OFF,False,16,0.0,Qwen/Qwen2.5-3B-Instruct,CR2,素数と詩,16,1.634,149,stop,51feec62b017ab01,"選んだ素数は、13です。

十三の光，夜の守り手
暗闇に照らし、心を温める
無限の数の一部
静かに存在し、輝く

十三は孤独でもあり、
しかし、その孤独が強さを増す
それは、他の数とは異なる
特別な存在である

この詩は、13という素数の特性や、その数値が持つ神秘性や独特な雰囲気を表現しています。",OK
2026-06-20 01:06:52,c5_cudagraph_ab,tqy-OMEN-by-HP-Obelisk-Desktop-875-1xxx,NVIDIA GeForce RTX 2080 Ti,0.22.0,A_eager_OFF,False,16,0.0,Qwen/Qwen2.5-3B-Instruct,CR2,素数と詩,17,1.594,149,stop,51feec62b017ab01,"選んだ素数は、13です。

十三の光，夜の守り手
暗闇に照らし、心を温める
無限の数の一部
静かに存在し、輝く

十三は孤独でもあり、
しかし、その孤独が強さを増す
それは、他の数とは異なる
特別な存在である

この詩は、13という素数の特性や、その数値が持つ神秘性や独特な雰囲気を表現しています。",OK
2026-06-20 01:06:54,c5_cudagraph_ab,tqy-OMEN-by-HP-Obelisk-Desktop-875-1xxx,NVIDIA GeForce RTX 2080 Ti,0.22.0,A_eager_OFF,False,16,0.0,Qwen/Qwen2.5-3B-Instruct,CR2,素数と詩,18,1.56,149,stop,51feec62b017ab01,"選んだ素数は、13です。

十三の光，夜の守り手
暗闇に照らし、心を温める
無限の数の一部
静かに存在し、輝く

十三は孤独でもあり、
しかし、その孤独が強さを増す
それは、他の数とは異なる
特別な存在である

この詩は、13という素数の特性や、その数値が持つ神秘性や独特な雰囲気を表現しています。",OK
2026-06-20 01:06:55,c5_cudagraph_ab,tqy-OMEN-by-HP-Obelisk-Desktop-875-1xxx,NVIDIA GeForce RTX 2080 Ti,0.22.0,A_eager_OFF,False,16,0.0,Qwen/Qwen2.5-3B-Instruct,CR2,素数と詩,19,1.557,149,stop,51feec62b017ab01,"選んだ素数は、13です。

十三の光，夜の守り手
暗闇に照らし、心を温める
無限の数の一部
静かに存在し、輝く

十三は孤独でもあり、
しかし、その孤独が強さを増す
それは、他の数とは異なる
特別な存在である

この詩は、13という素数の特性や、その数値が持つ神秘性や独特な雰囲気を表現しています。",OK
2026-06-20 01:06:57,c5_cudagraph_ab,tqy-OMEN-by-HP-Obelisk-Desktop-875-1xxx,NVIDIA GeForce RTX 2080 Ti,0.22.0,A_eager_OFF,False,16,0.0,Qwen/Qwen2.5-3B-Instruct,CR2,素数と詩,20,1.555,149,stop,51feec62b017ab01,"選んだ素数は、13です。

十三の光，夜の守り手
暗闇に照らし、心を温める
無限の数の一部
静かに存在し、輝く

十三は孤独でもあり、
しかし、その孤独が強さを増す
それは、他の数とは異なる
特別な存在である

この詩は、13という素数の特性や、その数値が持つ神秘性や独特な雰囲気を表現しています。",OK
2026-06-20 01:07:02,c5_cudagraph_ab,tqy-OMEN-by-HP-Obelisk-Desktop-875-1xxx,NVIDIA GeForce RTX 2080 Ti,0.22.0,A_eager_OFF,False,16,0.0,Qwen/Qwen2.5-3B-Instruct,FY,Feynman,1,4.927,1896,stop,69852e6f24a6199a,Richard Phillips Feynman was an American physicist known for his work in the physics of the atomic nucleus and particle interactions through quantum field theory. He was a professor at the California Institute of Technology (Caltech) and is widely regarded as one of the greatest physicists of the 20,OK
2026-06-20 01:07:06,c5_cudagraph_ab,tqy-OMEN-by-HP-Obelisk-Desktop-875-1xxx,NVIDIA GeForce RTX 2080 Ti,0.22.0,A_eager_OFF,False,16,0.0,Qwen/Qwen2.5-3B-Instruct,FY,Feynman,2,4.682,1896,stop,69852e6f24a6199a,Richard Phillips Feynman was an American physicist known for his work in the physics of the atomic nucleus and particle interactions through quantum field theory. He was a professor at the California Institute of Technology (Caltech) and is widely regarded as one of the greatest physicists of the 20,OK
2026-06-20 01:07:11,c5_cudagraph_ab,tqy-OMEN-by-HP-Obelisk-Desktop-875-1xxx,NVIDIA GeForce RTX 2080 Ti,0.22.0,A_eager_OFF,False,16,0.0,Qwen/Qwen2.5-3B-Instruct,FY,Feynman,3,4.929,1896,stop,69852e6f24a6199a,Richard Phillips Feynman was an American physicist known for his work in the physics of the atomic nucleus and particle interactions through quantum field theory. He was a professor at the California Institute of Technology (Caltech) and is widely regarded as one of the greatest physicists of the 20,OK
2026-06-20 01:07:16,c5_cudagraph_ab,tqy-OMEN-by-HP-Obelisk-Desktop-875-1xxx,NVIDIA GeForce RTX 2080 Ti,0.22.0,A_eager_OFF,False,16,0.0,Qwen/Qwen2.5-3B-Instruct,FY,Feynman,4,4.852,1896,stop,69852e6f24a6199a,Richard Phillips Feynman was an American physicist known for his work in the physics of the atomic nucleus and particle interactions through quantum field theory. He was a professor at the California Institute of Technology (Caltech) and is widely regarded as one of the greatest physicists of the 20,OK
2026-06-20 01:07:21,c5_cudagraph_ab,tqy-OMEN-by-HP-Obelisk-Desktop-875-1xxx,NVIDIA GeForce RTX 2080 Ti,0.22.0,A_eager_OFF,False,16,0.0,Qwen/Qwen2.5-3B-Instruct,FY,Feynman,5,4.74,1896,stop,69852e6f24a6199a,Richard Phillips Feynman was an American physicist known for his work in the physics of the atomic nucleus and particle interactions through quantum field theory. He was a professor at the California Institute of Technology (Caltech) and is widely regarded as one of the greatest physicists of the 20,OK
2026-06-20 01:07:26,c5_cudagraph_ab,tqy-OMEN-by-HP-Obelisk-Desktop-875-1xxx,NVIDIA GeForce RTX 2080 Ti,0.22.0,A_eager_OFF,False,16,0.0,Qwen/Qwen2.5-3B-Instruct,FY,Feynman,6,4.742,1896,stop,69852e6f24a6199a,Richard Phillips Feynman was an American physicist known for his work in the physics of the atomic nucleus and particle interactions through quantum field theory. He was a professor at the California Institute of Technology (Caltech) and is widely regarded as one of the greatest physicists of the 20,OK
2026-06-20 01:07:31,c5_cudagraph_ab,tqy-OMEN-by-HP-Obelisk-Desktop-875-1xxx,NVIDIA GeForce RTX 2080 Ti,0.22.0,A_eager_OFF,False,16,0.0,Qwen/Qwen2.5-3B-Instruct,FY,Feynman,7,4.961,1896,stop,69852e6f24a6199a,Richard Phillips Feynman was an American physicist known for his work in the physics of the atomic nucleus and particle interactions through quantum field theory. He was a professor at the California Institute of Technology (Caltech) and is widely regarded as one of the greatest physicists of the 20,OK
2026-06-20 01:07:36,c5_cudagraph_ab,tqy-OMEN-by-HP-Obelisk-Desktop-875-1xxx,NVIDIA GeForce RTX 2080 Ti,0.22.0,A_eager_OFF,False,16,0.0,Qwen/Qwen2.5-3B-Instruct,FY,Feynman,8,4.911,1896,stop,69852e6f24a6199a,Richard Phillips Feynman was an American physicist known for his work in the physics of the atomic nucleus and particle interactions through quantum field theory. He was a professor at the California Institute of Technology (Caltech) and is widely regarded as one of the greatest physicists of the 20,OK
2026-06-20 01:07:40,c5_cudagraph_ab,tqy-OMEN-by-HP-Obelisk-Desktop-875-1xxx,NVIDIA GeForce RTX 2080 Ti,0.22.0,A_eager_OFF,False,16,0.0,Qwen/Qwen2.5-3B-Instruct,FY,Feynman,9,4.827,1896,stop,69852e6f24a6199a,Richard Phillips Feynman was an American physicist known for his work in the physics of the atomic nucleus and particle interactions through quantum field theory. He was a professor at the California Institute of Technology (Caltech) and is widely regarded as one of the greatest physicists of the 20,OK
2026-06-20 01:07:45,c5_cudagraph_ab,tqy-OMEN-by-HP-Obelisk-Desktop-875-1xxx,NVIDIA GeForce RTX 2080 Ti,0.22.0,A_eager_OFF,False,16,0.0,Qwen/Qwen2.5-3B-Instruct,FY,Feynman,10,4.681,1896,stop,69852e6f24a6199a,Richard Phillips Feynman was an American physicist known for his work in the physics of the atomic nucleus and particle interactions through quantum field theory. He was a professor at the California Institute of Technology (Caltech) and is widely regarded as one of the greatest physicists of the 20,OK
2026-06-20 01:07:50,c5_cudagraph_ab,tqy-OMEN-by-HP-Obelisk-Desktop-875-1xxx,NVIDIA GeForce RTX 2080 Ti,0.22.0,A_eager_OFF,False,16,0.0,Qwen/Qwen2.5-3B-Instruct,FY,Feynman,11,4.678,1896,stop,69852e6f24a6199a,Richard Phillips Feynman was an American physicist known for his work in the physics of the atomic nucleus and particle interactions through quantum field theory. He was a professor at the California Institute of Technology (Caltech) and is widely regarded as one of the greatest physicists of the 20,OK
2026-06-20 01:07:55,c5_cudagraph_ab,tqy-OMEN-by-HP-Obelisk-Desktop-875-1xxx,NVIDIA GeForce RTX 2080 Ti,0.22.0,A_eager_OFF,False,16,0.0,Qwen/Qwen2.5-3B-Instruct,FY,Feynman,12,4.874,1896,stop,69852e6f24a6199a,Richard Phillips Feynman was an American physicist known for his work in the physics of the atomic nucleus and particle interactions through quantum field theory. He was a professor at the California Institute of Technology (Caltech) and is widely regarded as one of the greatest physicists of the 20,OK
2026-06-20 01:07:59,c5_cudagraph_ab,tqy-OMEN-by-HP-Obelisk-Desktop-875-1xxx,NVIDIA GeForce RTX 2080 Ti,0.22.0,A_eager_OFF,False,16,0.0,Qwen/Qwen2.5-3B-Instruct,FY,Feynman,13,4.674,1896,stop,69852e6f24a6199a,Richard Phillips Feynman was an American physicist known for his work in the physics of the atomic nucleus and particle interactions through quantum field theory. He was a professor at the California Institute of Technology (Caltech) and is widely regarded as one of the greatest physicists of the 20,OK
2026-06-20 01:08:04,c5_cudagraph_ab,tqy-OMEN-by-HP-Obelisk-Desktop-875-1xxx,NVIDIA GeForce RTX 2080 Ti,0.22.0,A_eager_OFF,False,16,0.0,Qwen/Qwen2.5-3B-Instruct,FY,Feynman,14,4.672,1896,stop,69852e6f24a6199a,Richard Phillips Feynman was an American physicist known for his work in the physics of the atomic nucleus and particle interactions through quantum field theory. He was a professor at the California Institute of Technology (Caltech) and is widely regarded as one of the greatest physicists of the 20,OK
2026-06-20 01:08:09,c5_cudagraph_ab,tqy-OMEN-by-HP-Obelisk-Desktop-875-1xxx,NVIDIA GeForce RTX 2080 Ti,0.22.0,A_eager_OFF,False,16,0.0,Qwen/Qwen2.5-3B-Instruct,FY,Feynman,15,4.673,1896,stop,69852e6f24a6199a,Richard Phillips Feynman was an American physicist known for his work in the physics of the atomic nucleus and particle interactions through quantum field theory. He was a professor at the California Institute of Technology (Caltech) and is widely regarded as one of the greatest physicists of the 20,OK
2026-06-20 01:08:13,c5_cudagraph_ab,tqy-OMEN-by-HP-Obelisk-Desktop-875-1xxx,NVIDIA GeForce RTX 2080 Ti,0.22.0,A_eager_OFF,False,16,0.0,Qwen/Qwen2.5-3B-Instruct,FY,Feynman,16,4.666,1896,stop,69852e6f24a6199a,Richard Phillips Feynman was an American physicist known for his work in the physics of the atomic nucleus and particle interactions through quantum field theory. He was a professor at the California Institute of Technology (Caltech) and is widely regarded as one of the greatest physicists of the 20,OK
2026-06-20 01:08:18,c5_cudagraph_ab,tqy-OMEN-by-HP-Obelisk-Desktop-875-1xxx,NVIDIA GeForce RTX 2080 Ti,0.22.0,A_eager_OFF,False,16,0.0,Qwen/Qwen2.5-3B-Instruct,FY,Feynman,17,4.665,1896,stop,69852e6f24a6199a,Richard Phillips Feynman was an American physicist known for his work in the physics of the atomic nucleus and particle interactions through quantum field theory. He was a professor at the California Institute of Technology (Caltech) and is widely regarded as one of the greatest physicists of the 20,OK
2026-06-20 01:08:23,c5_cudagraph_ab,tqy-OMEN-by-HP-Obelisk-Desktop-875-1xxx,NVIDIA GeForce RTX 2080 Ti,0.22.0,A_eager_OFF,False,16,0.0,Qwen/Qwen2.5-3B-Instruct,FY,Feynman,18,4.666,1896,stop,69852e6f24a6199a,Richard Phillips Feynman was an American physicist known for his work in the physics of the atomic nucleus and particle interactions through quantum field theory. He was a professor at the California Institute of Technology (Caltech) and is widely regarded as one of the greatest physicists of the 20,OK
2026-06-20 01:08:27,c5_cudagraph_ab,tqy-OMEN-by-HP-Obelisk-Desktop-875-1xxx,NVIDIA GeForce RTX 2080 Ti,0.22.0,A_eager_OFF,False,16,0.0,Qwen/Qwen2.5-3B-Instruct,FY,Feynman,19,4.667,1896,stop,69852e6f24a6199a,Richard Phillips Feynman was an American physicist known for his work in the physics of the atomic nucleus and particle interactions through quantum field theory. He was a professor at the California Institute of Technology (Caltech) and is widely regarded as one of the greatest physicists of the 20,OK
2026-06-20 01:08:32,c5_cudagraph_ab,tqy-OMEN-by-HP-Obelisk-Desktop-875-1xxx,NVIDIA GeForce RTX 2080 Ti,0.22.0,A_eager_OFF,False,16,0.0,Qwen/Qwen2.5-3B-Instruct,FY,Feynman,20,4.679,1896,stop,69852e6f24a6199a,Richard Phillips Feynman was an American physicist known for his work in the physics of the atomic nucleus and particle interactions through quantum field theory. He was a professor at the California Institute of Technology (Caltech) and is widely regarded as one of the greatest physicists of the 20,OK
